{
	"pattrstorage" : 	{
		"name" : "avhelp",
		"slots" : 		{
			"1" : 			{
				"id" : 1,
				"data" : 				{
					"_av.automation~::automation_function" : [ 1.0, 0.0, 1.0, 0.0, 0.0, 0, 0.0, 0.11734693877551, 1.0, 0, 0.0, 0.295918367346939, 0.0, 0, 0.0, 0.729591836734694, 1.0, 0, 0.455, 1.0, 0.0, 0, 0.65, "curve" ]
				}

			}
,
			"2" : 			{
				"id" : 2,
				"data" : 				{
					"_av.automation~::automation_function" : [ 1.0, 0.0, 1.0, 0.0, 0.0, 0, 0.0, 0.0, 1.0, 0, 0.0, 0.260204081632653, 0.720930232558139, 0, 0.455, 0.637755102040816, 0.465116279069767, 0, 0.65, 1.0, 0.0, 0, -0.55, "curve" ]
				}

			}
,
			"3" : 			{
				"id" : 3,
				"data" : 				{
					"_av.automation~::automation_function" : [ 1.0, 0.0, 1.0, 0.0, 0.0, 0, 0.0, 0.290816326530612, 0.325581395348837, 0, 0.0, 0.392857142857143, 1.0, 0, 0.3, 0.571428571428571, 0.313953488372093, 0, -0.195, 1.0, 0.0, 0, 0.0, "curve" ]
				}

			}
,
			"4" : 			{
				"id" : 4,
				"data" : 				{
					"_av.automation~::automation_function" : [ 1.0, 0.0, 1.0, 0.0, 0.0, 0, 0.0, 0.290816326530612, 0.0, 0, 0.0, 0.403061224489796, 1.0, 0, 0.0, 0.612244897959184, 1.0, 0, 0.455, 1.0, 0.0, 0, -0.695, "curve" ]
				}

			}

		}

	}

}
