{
	"pattrstorage" : 	{
		"name" : "cam-help",
		"slots" : 		{
			"1" : 			{
				"id" : 1,
				"data" : 				{
					"live.dial" : [  ],
					"av.camera.control::cam_position" : [ "position", 3.500475406646729, 2.733189582824707, 4.965828418731689 ],
					"av.camera.control::cam_quat" : [ "quat", -0.135233297944069, 0.334766030311584, 0.048614554107189, 0.931267499923706 ]
				}

			}
,
			"2" : 			{
				"id" : 2,
				"data" : 				{
					"live.dial" : [  ],
					"av.camera.control::cam_position" : [ "position", 0.11758591234684, 2.189441204071045, -2.830275297164917 ],
					"av.camera.control::cam_quat" : [ "quat", -0.000060458845837, 0.998279273509979, 0.058435797691345, 0.001090090023354 ]
				}

			}
,
			"3" : 			{
				"id" : 3,
				"data" : 				{
					"live.dial" : [  ],
					"av.camera.control::cam_position" : [ "position", 0.078975826501846, 1.84942364692688, 1.211162328720093 ],
					"av.camera.control::cam_quat" : [ "quat", 0.001125211361796, 0.998634457588196, -0.024388046935201, 0.045933187007904 ]
				}

			}
,
			"4" : 			{
				"id" : 4,
				"data" : 				{
					"live.dial" : [  ],
					"av.camera.control::cam_position" : [ "position", -4.231511116027832, 0.259555131196976, 5.221745014190674 ],
					"av.camera.control::cam_quat" : [ "quat", 0.131419956684113, -0.329857259988785, 0.046430010348558, 0.933672606945038 ]
				}

			}
,
			"5" : 			{
				"id" : 5,
				"data" : 				{
					"live.dial" : [ 1.0 ],
					"av.camera.control::cam_position" : [ "position", 1.860945820808411, 13.804385185241699, 6.45097017288208 ],
					"av.camera.control::cam_quat" : [ "quat", -0.523487329483032, 0.139302134513855, 0.087243989109993, 0.836008191108704 ]
				}

			}

		}

	}

}
