{
	"pattrstorage" : 	{
		"name" : "avtoolboxpreset",
		"slots" : 		{
			"1" : 			{
				"id" : 1,
				"data" : 				{
					"_av.automation~::automation_function" : [ 1.0, 0.0, 1.0, 0.0, 0.0, 0, 0.0, 0.061162079510703, 1.0, 0, 0.0, 0.345565749235474, 1.0, 0, 0.0, 0.694189602446483, 0.0, 0, 0.0, 0.798165137614679, 0.0, 0, 0.0, 0.799559633027523, 1.0, 0, 0.0, 0.812477064220184, 1.0, 0, 0.0, 0.815412844036697, 0.0, 0, 0.0, 0.841834862385321, 0.0, 0, 0.0, 0.843009174311927, 1.0, 0, 0.0, 0.854165137614679, 1.0, 0, 0.0, 0.859327217125382, 0.0, 0, 0.0, 1.0, 0.0, 0, 0.0, "curve" ]
				}

			}
,
			"2" : 			{
				"id" : 2,
				"data" : 				{
					"_av.automation~::automation_function" : [ 1.0, 0.0, 1.0, 0.0, 0.0, 0, 0.0, 1.0, 1.0, 0, 0.0, "curve" ]
				}

			}
,
			"3" : 			{
				"id" : 3,
				"data" : 				{
					"_av.automation~::automation_function" : [ 1.0, 0.0, 1.0, 0.0, 0.0, 0, 0.0, 0.08868501529052, 0.988505747126437, 0, 0.0, 0.241590214067278, 0.0, 0, 0.0, 0.409785932721713, 1.0, 0, 0.0, 0.614678899082569, 0.0, 0, 0.0, 0.853211009174312, 1.0, 0, 0.0, 1.0, 0.0, 0, 0.0, "curve" ]
				}

			}

		}

	}

}
